{
  "$schema": "http://json-schema.org/draft-07/schema#",
  "type": "object",
  "properties": {
    "acao": {
      "type": "string",
      "enum": ["1", "2"]
    },
    "ipoc": {
        "type": "string",
        "minLength": 21,
        "maxLength": 67
    },
    "saldoDevedor": {"type": "number"},
    "dataSaldoDevedor": {
    	"type": "string",
    	"pattern": "^\\d{4}-\\d{2}-\\d{2}$"
    },
    "class3050": {"type": "string"},
    "atraso": {
      "type": "string",
      "enum": ["S", "N"]
    },
    "pagamentos": {
      "type": "array"
    },
    "concessoes": {
      "type": "array"
    }
  },
  "required": ["acao", "ipoc", "saldoDevedor", "dataSaldoDevedor", "class3050", "atraso"],
  "additionalProperties": false
}