{
  "$schema": "http://json-schema.org/draft-07/schema#",
  "type": "object",
  "required": ["cnpjIF", "dataHoraRemessa", "envia3050", "operacoes"],
  "additionalProperties": false,
  "properties": {
    "cnpjIF": {
      "type": "string",
      "pattern": "^\\d{8}$"
    },
    "dataHoraRemessa": {
      "type": "string",
      "pattern": "^\\d{4}-\\d{2}-\\d{2} \\d{2}:\\d{2}:\\d{2}$"
    },
    "envia3050": {
      "type": "string",
      "enum": ["S", "N"]
    },
    "operacoes": {
      "type": "array",
      "items": {
        "type": "object",
        "required": ["acao", "ipoc", "saldoDevedor", "atraso", "class3050"],
        "additionalProperties": false,
        "properties": {
          "acao": {
            "type": "string",
      		"enum": ["I", "A", "E"]
          },
          "ipoc": {
            "type": "string",
            "minLength": 21,
            "maxLength": 67
          },
          "saldoDevedor": {
            "type": "number"
          },
          "atraso": {
            "type": "string",
            "enum": ["S", "N"]
          },
          "class3050": {
            "type": "string"
          },
          "pagamentos": {
            "type": "array",
            "items": {
              "type": "object",
              "required": ["acao", "data", "valor"],
			  "additionalProperties": false,
              "properties": {
                "acao": {
                  "type": "string",
      			  "enum": ["I", "A", "E"]
                },
                "data": {
                  "type": "string",
                  "pattern": "^\\d{4}-\\d{2}-\\d{2}$"
                },
                "valor": {
                  "type": "number"
                }
              }
            }
          },
          "concessoes": {
            "type": "array",
            "items": {
              "type": "object",
              "required": ["acao", "data", "valor"],
			  "additionalProperties": false,
              "properties": {
                "acao": {
                  "type": "string",
      			  "enum": ["I", "A", "E"]
                },
                "data": {
                  "type": "string",
                  "pattern": "^\\d{4}-\\d{2}-\\d{2}$"
                },
                "valor": {
                  "type": "number"
                }
              }
            }
          }
        }
      }
    }
  }
}